0.709860,0.704091,0.018831
0.861998,-0.308858,0.401952
-0.617826,-0.771448,0.152178
-0.130051,-0.874694,-0.466902
-0.314313,-0.854510,-0.413546
-0.601559,-0.236481,0.763023
-0.792020,-0.449599,0.412996
-0.411082,-0.890357,0.195645
-0.266254,-0.711168,-0.650653
-0.026947,-0.998726,-0.042662
0.559260,-0.133616,-0.818154
0.046965,-0.274187,0.960529
0.872394,0.464951,-0.150829
-0.852938,0.231687,0.467780
-0.389867,-0.662110,0.640011
-0.617283,-0.335405,-0.711664
-0.499176,-0.565314,0.656691
-0.256782,0.693386,-0.673260
0.397657,-0.238930,-0.885879
0.078405,0.798528,0.596830
-0.122588,-0.772036,-0.623645
0.539953,-0.714805,0.444415
-0.276449,-0.735176,-0.618944
-0.266409,-0.945963,0.184877
0.076274,-0.798987,-0.596492
-0.528989,-0.803524,0.272983
0.075167,0.902250,-0.424612
-0.876207,-0.456398,0.154799
0.735608,-0.669109,0.105709
0.087988,-0.398320,0.913017
-0.605993,-0.669482,0.429611
-0.345904,-0.462912,-0.816127
0.962340,0.187622,0.196721
-0.396040,0.225694,-0.890064
-0.425667,-0.651148,-0.628342
-0.192733,-0.642750,0.741435
-0.022267,0.734656,-0.678074
-0.985169,-0.171582,0.001186
-0.330598,0.829742,-0.449705
0.297896,0.808488,0.507547
-0.358831,-0.429388,0.828774
-0.973951,-0.093068,-0.206782
-0.842500,-0.535657,-0.057139
0.684299,0.003419,-0.729194
0.724680,0.462484,-0.510831
0.384859,0.696877,-0.605183
0.433919,0.227469,0.871764
-0.481578,0.392502,0.783597
-0.042034,0.369288,0.928364
0.218071,-0.073173,-0.973186
0.615618,-0.646180,-0.451073
0.834499,-0.210441,0.509241
0.870340,-0.249831,0.424374
-0.575007,0.216990,0.788849
-0.281193,0.205964,-0.937288
-0.753356,0.590555,0.289309
-0.633684,-0.638263,0.437110
0.780575,-0.289224,0.554123
-0.917757,0.307334,-0.251532
0.536750,0.769650,-0.345744
-0.011906,-0.714171,-0.699870
-0.223977,-0.973198,0.052149
-0.014460,-0.410111,0.911921
0.092414,-0.625765,0.774517
0.532921,0.823453,0.194732
0.229326,0.902531,0.364482
-0.567764,0.611232,-0.551398
0.712605,0.580675,0.393713
0.803515,0.386022,0.453157
-0.686972,0.642282,-0.339917
0.938763,-0.222256,-0.263299
0.607984,-0.750655,0.258597
0.697274,0.221731,-0.681649
0.286246,0.949214,0.130602
0.048875,0.494123,0.868017
-0.726140,-0.150837,-0.670797
-0.510490,0.836928,0.197360
0.577527,0.647346,-0.497399
-0.631343,0.753213,-0.184599
0.247091,0.088391,0.964952
-0.583539,0.779244,-0.228605
0.401313,-0.559478,0.725212
0.589268,0.782232,0.202180
0.646152,-0.196623,0.737447
-0.829014,0.530497,-0.176942
0.141457,0.986414,-0.083526
-0.797687,-0.515491,0.312993
-0.663326,0.738767,0.119253
0.794292,-0.209725,0.570189
-0.507092,-0.856100,0.099754
0.237289,0.080949,0.968061
-0.409677,-0.871057,0.270969
0.649001,0.195367,-0.735276
-0.393783,-0.505609,-0.767655
0.714240,0.049819,0.698126
0.294401,0.653933,0.696922
-0.976704,0.213869,-0.017583
-0.220575,-0.928783,-0.297841
-0.845953,0.378517,-0.375617
0.152613,0.765735,-0.624788
0.735358,-0.064718,0.674582
0.780701,0.624780,0.012500
-0.027390,-0.694379,-0.719088
0.834559,0.427282,-0.347766
0.592310,-0.497790,-0.633541
-0.183356,-0.253358,0.949837
0.754445,0.610402,-0.241291
0.363270,0.281823,0.888038
0.424714,-0.905196,0.015443
-0.681041,-0.530950,0.504257
0.293176,0.417021,0.860315
-0.547996,0.683000,0.482920
-0.680791,-0.086371,-0.727368
0.338369,-0.024349,0.940698
-0.420472,0.146304,0.895432
0.868500,0.441444,-0.225465
-0.562355,-0.814278,-0.143900
0.997400,0.011795,-0.071095
-0.192113,-0.585103,-0.787875
-0.918657,-0.394869,0.012138
0.638595,0.769305,0.019133
0.467684,0.141067,-0.872566
0.737748,0.097839,-0.667949
-0.630644,-0.776051,-0.005786
0.620593,-0.178771,0.763482
0.189592,-0.590953,0.784111
0.098797,-0.802185,0.588845
-0.233834,0.469062,0.851647
-0.748731,0.296034,0.593099
-0.815491,-0.068520,0.574699
-0.917175,-0.396838,-0.036183
-0.978894,0.199063,-0.046269
-0.564085,0.446109,-0.694834
-0.938960,-0.288334,-0.187665
0.670898,-0.630305,-0.390654
0.626554,-0.174044,0.759696
-0.500530,0.672519,0.545150
0.025193,-0.135187,-0.990500
-0.215788,0.337424,0.916286
-0.263144,0.934091,-0.241307
0.794072,0.101191,-0.599341
0.440425,0.556914,-0.704183
-0.034609,0.853694,-0.519623
0.624034,-0.632446,-0.458905
-0.071832,0.955282,0.286839
-0.841505,0.257502,-0.474934
-0.564322,-0.698652,-0.439802
-0.607978,-0.793864,0.011935
-0.168022,-0.728759,0.663837
0.685442,0.689972,0.232612
0.742933,-0.667185,-0.053993
-0.995165,-0.091885,-0.034708
-0.659116,0.750446,-0.048957
-0.366126,0.805667,-0.465675
0.702628,-0.101116,0.704336
-0.789886,0.611659,0.044200
-0.939109,0.052945,0.339517
0.884259,0.423385,-0.197056
0.961209,0.066738,0.267626
-0.180817,0.078855,-0.980350
0.423255,-0.866777,-0.263729
0.434033,0.613317,0.659892
0.588043,0.808828,0.001296
-0.171129,-0.461984,0.870222
0.466411,0.407687,-0.785017
0.801580,-0.435386,-0.409766
0.207066,-0.197011,0.958285
-0.218072,0.765489,-0.605369
-0.272739,-0.912635,-0.304484
-0.655030,0.691196,-0.305261
0.220877,-0.512360,0.829880
-0.108232,-0.791080,-0.602062
0.880390,0.438302,0.181118
0.105902,0.590714,-0.799901
0.312229,-0.429351,0.847450
0.951256,-0.120571,-0.283855
0.070794,-0.434886,0.897698
0.610821,0.665688,0.428669
0.168548,-0.160724,0.972502
-0.480677,0.798616,0.362163
0.489396,-0.578150,0.652866
0.540036,0.453494,0.709017
0.187291,-0.790062,0.583716
0.495979,0.136322,-0.857567
-0.653301,-0.756835,0.019965
-0.594560,-0.251136,0.763825
0.854024,-0.506271,-0.119725
0.059542,-0.735712,0.674672
-0.888648,-0.152153,-0.432613
0.588796,0.059906,-0.806059
0.690190,-0.101153,-0.716524
-0.974454,-0.198347,-0.105345
-0.819002,-0.572586,-0.037154
-0.006404,0.121997,0.992510
-0.239292,-0.829687,-0.504340
-0.258464,-0.332737,0.906908
-0.966686,-0.063677,-0.247918
0.036625,0.728328,0.684249
0.988084,0.026212,0.151666
-0.084291,-0.213789,0.973236
-0.888631,0.418890,-0.186723
-0.015949,-0.999796,-0.012353
-0.337358,-0.886208,-0.317529
0.099862,-0.268329,0.958137
-0.901623,0.316481,0.294813
0.751122,-0.178144,-0.635673
-0.190507,-0.003798,-0.981678
-0.590272,-0.038872,0.806268
0.530803,-0.010275,-0.847433
0.563249,0.077902,0.822607
0.318217,0.884042,-0.342356
-0.454091,-0.886215,0.091779
-0.948861,0.183519,-0.256873
-0.138454,-0.298867,-0.944197
-0.968444,0.164323,0.187387
-0.862646,-0.475121,-0.173499
0.119207,0.564983,-0.816446
0.080484,0.950976,0.298609
-0.818362,0.313297,-0.481797
-0.183862,0.377443,0.907597
0.861585,-0.507588,0.005011
0.860101,0.238940,0.450704
-0.619309,-0.137572,-0.773001
0.373393,0.861613,-0.343803
-0.562539,0.383553,-0.732418
0.652520,-0.757722,0.008673
-0.400869,-0.892027,0.208784
0.705788,0.283327,-0.649299
0.049673,-0.958351,-0.281239
-0.430287,-0.585859,0.686748
0.469436,-0.502871,-0.725776
0.314290,-0.877356,0.362586
-0.574942,0.002953,-0.818189
0.385876,0.920264,0.064917
0.392551,-0.576949,-0.716264
0.006707,-0.987138,0.159727
0.525007,-0.826478,-0.203232
0.808878,0.133669,-0.572582
-0.176122,-0.979106,-0.101645
-0.444175,0.420175,-0.791304
-0.306550,0.169076,0.936718
0.730949,0.590176,0.342646
-0.976601,0.154016,0.150101
-0.712736,0.022580,0.701069
-0.369847,0.258379,0.892442
0.817077,-0.574399,0.049515
0.352877,0.671056,-0.652044
-0.623870,0.719791,0.304446
-0.512237,-0.262354,0.817792
0.899498,-0.238160,-0.366311
0.449536,0.822381,0.348721
-0.988073,0.099358,0.117639
-0.513623,0.066804,-0.855412
-0.143136,-0.511823,0.847083
0.149751,-0.744730,-0.650347
0.887253,0.076511,0.454893
-0.533383,0.316679,-0.784358
0.954658,0.133026,-0.266332
-0.094318,-0.883725,-0.458404
-0.098144,-0.988772,-0.112687
0.112070,-0.974562,0.194087
-0.217783,-0.608792,-0.762852
0.991577,0.128257,-0.018057
-0.601218,0.255976,0.756976
-0.033549,0.825693,-0.563122
-0.625601,0.661023,0.414333
-0.599917,-0.471272,0.646532
-0.906198,0.254878,0.337405
-0.266672,-0.574841,-0.773592
0.464803,0.624752,0.627410
0.313253,-0.514969,-0.797922
0.818000,0.485332,-0.308754
0.285496,-0.242245,-0.927259
0.361307,-0.703301,0.612230
0.828301,0.332926,0.450641
0.984263,0.108942,-0.139135
-0.937033,-0.349071,0.010850
-0.725469,-0.471347,0.501524
0.118711,0.763504,0.634799
-0.485380,0.437777,0.756807
-0.730331,-0.562025,-0.388258
-0.837983,0.536136,-0.101702
0.098954,-0.994938,0.017484
-0.110389,0.992826,-0.045938
0.497207,0.777552,0.384966
-0.421673,0.888336,0.181800
0.563332,-0.234375,0.792291
0.697580,-0.608598,-0.378141
-0.402099,0.202494,0.892924
0.333574,0.435096,-0.836313
-0.213455,-0.830570,0.514384
0.112402,-0.374932,-0.920213
-0.842470,0.198842,-0.500706
0.784282,0.252631,0.566639
-0.543129,0.671832,0.503640
-0.596998,0.449370,-0.664575
-0.932670,0.360411,-0.015189
0.129658,-0.577286,-0.806182
0.665888,0.553966,-0.499715
0.364836,-0.206020,0.907993
0.714343,-0.482207,0.507139
0.453126,-0.656712,-0.602832
0.043871,0.997692,-0.051831
0.313064,0.542667,-0.779425
0.295263,-0.952353,-0.076440
-0.282285,-0.237802,0.929390
0.458203,0.176581,0.871131
-0.938688,-0.029404,-0.343511
0.516250,-0.326315,0.791836
0.041982,-0.932170,0.359579
-0.184585,-0.937996,0.293413
-0.800857,-0.540905,-0.257001
0.819059,-0.231144,-0.525086
0.582699,-0.807237,-0.093972
-0.419894,-0.878875,0.226425
0.702124,0.683915,0.198196
0.412461,-0.892984,-0.180154
0.579409,0.792036,0.192261
0.392812,-0.418550,0.818850
-0.256714,-0.702283,-0.664000
-0.066354,0.981145,0.181524
-0.261412,0.962344,0.074556
0.724078,0.528075,0.443675
-0.158183,0.985224,-0.065664
0.969098,0.178738,0.170007
-0.238636,0.405948,0.882190
-0.177658,0.338360,0.924094
0.535666,0.726731,0.430028
-0.597320,-0.536593,-0.596051
-0.234300,0.022806,0.971897
-0.669235,-0.730701,-0.134911
0.405665,-0.562188,-0.720680
0.259517,0.220429,-0.940246
-0.457842,0.790531,0.406744
-0.381365,-0.123990,0.916072
-0.596235,0.745358,0.298237
-0.473995,-0.856364,-0.204866
0.312712,-0.454222,-0.834203
-0.626634,-0.558721,-0.543286
-0.475373,0.445383,-0.758719
-0.106188,-0.768581,-0.630878
-0.096794,-0.903816,0.416830
-0.588432,-0.540092,0.601705
0.490873,-0.706434,-0.509898
0.019272,-0.862972,-0.504884
0.316317,-0.418474,0.851366
-0.156895,-0.866945,-0.473064
0.812879,-0.567857,-0.129486
0.920299,0.370073,0.126871
-0.997163,0.032825,-0.067745
-0.007988,0.687145,-0.726476
-0.393196,0.432120,0.811584
0.046046,-0.932404,-0.358473
0.376058,0.519842,0.767036
-0.486039,-0.540849,0.686475
0.968715,0.238898,0.067225
-0.806371,-0.588943,-0.053956
0.854276,0.448349,-0.263049
0.458318,0.566665,0.684716
0.525811,0.762726,-0.376526
0.844645,-0.454566,-0.282743
-0.146440,0.064272,-0.987129
0.432252,-0.608166,0.665802
0.850017,-0.526253,-0.023008
-0.335651,0.089290,-0.937745
0.473766,-0.269006,-0.838559
0.498432,0.861926,0.093003
0.400989,-0.915738,-0.025136
0.507265,-0.102146,-0.855715
0.880829,0.084432,0.465845
-0.924430,-0.197336,0.326324
-0.409320,-0.218670,-0.885800
0.993903,-0.077244,-0.078681
0.616788,0.783887,0.071375
-0.104116,-0.945680,-0.307976
0.331788,-0.536903,-0.775662
-0.912487,0.072707,-0.402594
0.171404,0.918344,-0.356743
-0.180256,0.966796,-0.181144
-0.188464,-0.336857,0.922501
-0.957075,-0.286056,-0.046686
-0.839035,-0.543702,0.020181
0.367445,-0.624232,-0.689434
-0.151463,0.670373,0.726401
0.332425,-0.712484,-0.617948
0.633073,0.729079,-0.260120
-0.607232,-0.601739,0.518825
-0.079796,-0.700625,0.709053
0.312610,0.338892,0.887371
-0.850858,0.180035,-0.493586
0.395053,0.829045,-0.395749
-0.150375,0.987501,0.047217
-0.732882,0.277564,0.621162
-0.600627,0.114956,-0.791222
0.974317,-0.221155,0.042393
-0.605769,-0.713898,-0.351274
-0.171780,-0.957729,0.230752
0.120710,-0.834336,-0.537878
-0.691689,0.597494,-0.405670
-0.217147,-0.512568,0.830735
-0.143281,-0.985252,-0.093538
0.180409,-0.052332,-0.982199
0.582368,0.694616,0.422321
0.622922,0.607205,0.493225
-0.245502,0.345780,-0.905630
0.491665,0.137032,0.859935
-0.689572,-0.606330,0.396048
-0.575613,-0.385612,0.721092
0.564214,0.677522,-0.471833
0.166667,-0.928276,-0.332453
0.391807,0.501839,-0.771132
-0.748751,-0.064601,0.659696
0.365548,0.818320,0.443540
-0.525673,0.700568,-0.482569
0.961508,0.270312,0.049327
0.651103,-0.251673,-0.716049
-0.997879,-0.037104,0.053488
0.594017,-0.173972,-0.785416
-0.129012,0.288684,-0.948693
-0.355622,0.770470,0.529065
0.417311,0.901292,0.116294
0.605609,0.253719,-0.754231
0.590395,-0.505992,0.628813
-0.938431,-0.339503,0.063918
-0.879573,-0.418436,-0.226414
-0.263625,0.087825,-0.960619
-0.155085,-0.524514,0.837158
-0.050691,-0.654984,-0.753941
0.513150,0.763420,0.392258
-0.290578,-0.587701,-0.755098
0.433079,0.886747,0.161626
0.465139,0.045259,-0.884080
0.604805,-0.775597,-0.180724
-0.645671,-0.716084,0.265204
0.700062,0.285441,-0.654551
-0.875260,-0.465199,0.132328
0.699323,0.560605,0.443475
0.112912,-0.867453,0.484537
0.520064,0.670832,0.528694
0.039205,0.987931,0.149849
-0.926044,-0.376653,0.023980
-0.626132,0.483264,-0.611894
0.951480,-0.171383,-0.255564
0.276357,0.873389,0.401022
-0.707048,0.102953,-0.699631
0.666799,0.741953,-0.069895
-0.157533,-0.884105,-0.439934
-0.389430,0.766068,-0.511355
0.594651,-0.620644,-0.511068
-0.144944,0.832195,-0.535203
-0.139462,0.928445,-0.344296
-0.709896,0.638539,0.297178
0.460855,0.077560,-0.884080
-0.491163,-0.853721,0.172969
-0.212595,-0.291918,-0.932517
-0.137675,-0.980727,-0.138634
0.588969,0.160734,0.792010
-0.271907,0.938998,-0.210594
0.465794,0.263866,-0.844637
-0.567647,-0.814880,0.117251
0.560169,-0.796942,-0.226041
0.000905,-0.915946,-0.401302
0.063129,0.540467,0.838993
-0.907739,-0.338668,-0.247616
0.798737,-0.588384,0.125790
0.027095,-0.966583,0.254917
0.670374,0.686631,-0.281312
-0.338388,-0.199047,0.919714
0.706486,0.045176,0.706283
0.924541,-0.173475,-0.339308
-0.412860,-0.884964,-0.215372
0.526163,-0.380430,0.760543
0.704854,-0.707383,-0.052823
-0.216652,0.597053,0.772392
-0.429466,0.364008,0.826473
0.989742,0.070128,0.124467
0.831131,0.455492,0.318981
0.228737,0.934012,0.274411
0.708436,-0.695222,-0.121597
0.642509,0.723625,0.252089
-0.478550,-0.706181,-0.521822
0.457593,0.688439,0.562726
-0.303452,-0.310992,-0.900667
0.113608,0.932991,-0.341497
-0.881515,0.185966,-0.433991
0.564969,-0.767876,-0.301955
0.545788,-0.837908,-0.005086
-0.871117,0.420922,0.252944
0.564168,0.815857,0.126851
-0.172275,-0.790751,0.587396
0.264539,0.312297,-0.912409
-0.905222,0.424051,-0.027439
-0.662320,-0.402592,-0.631864
0.317132,-0.898617,0.303175
-0.919347,-0.388325,0.063283
0.047879,0.174036,-0.983575
0.398903,0.200442,-0.894818
0.692596,-0.500627,-0.519310
-0.945960,-0.207923,-0.248855
0.570394,0.788893,-0.228687
-0.215650,0.824618,0.522973
0.853726,-0.403846,0.328725
0.657388,0.739735,-0.143641
0.077362,-0.873700,0.480274
0.645458,-0.667587,0.371095
-0.756947,-0.475664,0.448079
-0.422343,-0.340175,-0.840183
-0.476844,-0.306803,-0.823706
-0.018843,-0.413863,-0.910144
-0.429374,0.857216,0.284285
0.412052,0.518837,-0.749013
0.987304,-0.122769,0.100793
-0.811040,0.552335,-0.192715
0.780166,0.526142,-0.338402
0.845131,0.363306,-0.392125
0.090473,0.958080,-0.271841
0.099577,-0.968036,0.230197
-0.465251,-0.879375,0.101202
-0.901651,-0.192722,-0.387149
-0.881576,0.411043,0.232094
-0.881891,-0.012443,-0.471289
-0.656182,0.726712,0.203261
0.008361,-0.989744,0.142608
0.357547,-0.617933,-0.700228
0.660479,0.655505,0.366170
0.156733,0.240341,-0.957951
0.365596,0.612462,0.700878
0.797039,-0.461256,-0.389835
-0.471260,0.387629,0.792248
0.095429,0.472057,-0.876388
0.143128,-0.579285,-0.802461
-0.878979,0.475707,-0.033139
-0.230129,0.666439,0.709154
-0.072860,-0.168157,0.983064
0.811457,0.581206,0.061136
-0.047661,0.778962,-0.625257
-0.982789,-0.158134,0.095491
0.857218,0.362291,0.365953
-0.414107,0.787748,0.456036
-0.876264,0.175461,0.448748
-0.896506,0.165144,0.411101
0.503813,0.649923,0.569010
0.826189,0.367056,0.427412
0.016675,-0.788396,-0.614942
0.811175,0.042386,0.583265
0.755082,0.299319,-0.583317
-0.317516,0.306959,0.897195
-0.302231,-0.695562,0.651805
-0.422908,0.762924,0.488975
0.131874,-0.683952,-0.717509
-0.556869,-0.676539,0.481862
0.807657,0.582744,-0.089996
-0.508510,0.648281,0.566700
0.172501,0.067797,0.982673
-0.530045,0.606320,0.592814
-0.722989,-0.676213,0.141500
0.259352,0.964135,0.056394
0.080036,-0.995886,-0.042492
-0.524543,0.264643,0.809209
0.461773,-0.447820,-0.765652
-0.927088,-0.217063,0.305601
-0.399449,-0.577473,-0.712015
-0.091910,0.484110,-0.870167
-0.055404,0.707794,0.704243
-0.015490,0.927354,-0.373863
-0.276190,-0.900928,-0.334736
0.952295,0.292923,-0.085615
0.963510,0.260748,-0.060484
0.881582,0.303895,-0.361194
0.890610,0.125148,-0.437209
0.672595,-0.076600,0.736035
-0.897459,-0.414447,-0.151002
-0.694145,0.699332,-0.170581
0.507067,0.529219,0.680302
-0.003803,-0.999397,-0.034503
-0.103914,-0.955215,0.277067
-0.937900,0.102092,0.331543
-0.048116,0.623335,-0.780473
0.292094,0.937910,0.187098
0.100957,-0.233392,-0.967128
0.612033,0.547273,0.570883
0.390481,0.893368,-0.222300
0.677664,-0.700379,0.224144
-0.926494,-0.316893,0.202949
0.630858,-0.753517,-0.185014
-0.480984,0.512104,-0.711620
0.591832,-0.576636,0.563229
0.813250,-0.546158,-0.200836
0.447619,-0.894169,-0.009938
-0.367443,-0.716492,-0.592980
-0.816808,0.574535,0.052298
-0.186893,0.344785,-0.919888
-0.130657,0.057656,0.989750
-0.299550,-0.651781,0.696743
-0.656463,0.607880,0.446697
0.366764,-0.908960,0.198184
0.073630,-0.317951,0.945244
0.386639,0.701614,0.598538
-0.976657,-0.181421,0.115012
-0.171575,-0.920087,0.352138
-0.727394,0.530287,0.435539
-0.886591,0.421536,0.190430
0.219514,-0.171545,-0.960409
0.797342,-0.205893,-0.567322
-0.537654,0.825649,-0.170974
0.850667,-0.263862,-0.454690
-0.741483,-0.320640,0.589400
-0.976964,0.174289,0.123145
-0.140714,-0.016434,-0.989914
-0.174880,0.979325,0.101682
-0.238967,-0.580413,0.778470
-0.882342,-0.397825,0.251412
0.962961,0.142290,-0.229042
0.354681,0.794040,-0.493661
-0.343572,-0.569248,0.746938
0.189701,-0.980759,0.046109
0.224785,-0.455651,0.861310
-0.713487,-0.219856,0.665281
-0.927677,-0.018807,0.372910
-0.381443,-0.184525,-0.905788
0.079850,0.890981,0.446965
-0.302762,-0.349220,0.886781
0.779154,-0.010632,0.626743
0.781416,0.459562,-0.422127
-0.067021,-0.947991,-0.311161
-0.757875,0.377706,0.531944
0.953017,0.285700,-0.100664
0.078900,-0.908840,0.409615
-0.472956,0.603798,0.641670
-0.595293,0.797184,0.100614
-0.835969,0.345368,0.426470
-0.937705,0.317117,0.141937
0.834665,0.550677,-0.009478
0.069345,0.655315,-0.752166
0.305729,0.808825,-0.502326
0.973167,-0.155902,-0.169235
0.505345,-0.291688,-0.812123
-0.040893,-0.492482,0.869361
-0.125490,0.135706,0.982770
0.461664,0.024429,-0.886719
0.035825,-0.823265,0.566526
0.254758,0.966339,0.035884
-0.444145,0.869595,-0.215731
-0.498144,0.087312,0.862687
-0.674694,0.225742,-0.702729
0.889641,-0.015465,-0.456400
0.981736,-0.118090,0.149162
-0.522434,-0.621901,-0.583354
-0.088896,0.888455,0.450273
-0.272989,0.940523,-0.202219
0.141519,-0.861858,0.487004
0.384022,0.891035,-0.242040
0.737786,-0.511219,-0.440826
0.149517,0.978272,-0.143629
0.782290,0.042553,0.621459
0.732554,-0.623948,0.272128
0.912959,0.240666,-0.329524
0.325236,0.205306,0.923077
0.682724,-0.239716,0.690235
0.507258,-0.858918,0.070355
-0.867667,0.365945,0.336510
-0.136807,0.349706,0.926817
-0.141552,0.946676,-0.289426
0.619698,-0.555837,0.554093
-0.086379,0.052476,0.994879
0.045784,-0.491859,-0.869470
0.617599,-0.785616,0.037129
0.743401,-0.668816,-0.006316
0.646044,0.736571,0.200227
-0.425855,-0.842750,-0.329273
-0.074767,-0.432225,0.898661
0.646307,-0.037525,-0.762154
-0.204337,0.977945,0.043245
-0.169587,0.885137,0.433327
-0.878386,0.376637,0.294249
-0.717728,0.695542,0.032977
0.516960,-0.854011,0.058461
-0.461785,0.851112,-0.249727
0.674238,0.280128,-0.683324
-0.888331,-0.458535,-0.024784
0.013144,-0.045166,-0.998893
0.037886,-0.518059,-0.854505
-0.317489,-0.286207,-0.904039
-0.576263,-0.078786,-0.813458
0.817014,-0.013449,0.576461
0.901095,0.432896,0.025086
0.735115,-0.670443,-0.100558
0.868763,-0.471072,-0.152783
-0.655973,0.168912,-0.735641
-0.512792,0.594676,-0.619198
0.016251,-0.907349,-0.420063
-0.298758,-0.875285,0.380288
-0.137884,0.990250,-0.019847
-0.783336,0.620178,-0.041998
-0.881639,0.268428,0.388147
-0.323670,0.310426,0.893797
0.931815,-0.203399,-0.300581
-0.334705,-0.891103,-0.306445
0.900772,0.419061,0.114012
-0.563251,0.541007,0.624547
0.152357,0.851318,-0.502041
0.503413,-0.256760,0.825015
0.085248,0.976023,0.200279
-0.705033,0.543076,-0.456066
0.842215,0.387503,0.374853
-0.492127,-0.712357,0.500358
0.484133,-0.428034,-0.763153
-0.962070,0.098574,-0.254371
-0.622177,0.279312,0.731355
0.018727,0.998566,-0.050149
0.688396,0.725154,-0.016202
0.267681,-0.482360,0.834072
0.720952,-0.271420,-0.637620
-0.497010,-0.675719,-0.544412
0.268928,-0.832243,0.484819
0.948537,-0.097925,0.301146
-0.202088,-0.542274,-0.815536
0.088739,-0.873959,-0.477829
-0.219311,-0.357867,0.907653
0.055807,-0.208843,0.976355
-0.347818,-0.666866,0.659023
-0.671357,0.708641,0.217045
0.991536,0.083562,0.099368
-0.181996,-0.497287,0.848282
0.417300,0.016337,-0.908622
0.536246,-0.720390,-0.439862
0.659220,-0.688925,-0.301349
-0.939968,0.240477,-0.242139
-0.026791,0.899555,0.435985
-0.522391,0.142175,-0.840770
0.096651,0.474295,-0.875045
-0.332272,-0.812084,-0.479703
0.524827,0.736125,0.427408
-0.711478,-0.369591,0.597664
0.847924,0.178529,0.499152
0.477533,0.597963,0.643740
-0.668471,0.665876,0.331293
0.469545,-0.881985,-0.040372
-0.999045,-0.000478,0.043691
0.089388,0.976478,0.196217
-0.345050,-0.264610,-0.900512
0.734097,-0.582887,0.348346
-0.668079,0.223297,-0.709795
-0.429862,-0.659387,-0.616788
-0.654977,-0.257981,-0.710247
0.692364,-0.655956,0.300588
0.548631,0.230610,0.803631
-0.872216,-0.233899,0.429570
-0.890026,0.106018,0.443412
-0.276960,-0.265727,0.923408
0.884986,0.371618,-0.280537
0.647337,-0.462480,-0.605860
0.676405,0.453986,0.579976
0.636188,-0.528364,-0.562224
-0.124125,-0.821706,-0.556230
0.601865,0.643312,0.473190
0.570292,-0.813447,0.114331
-0.065264,-0.261937,-0.962876
0.859196,-0.178996,0.479314
0.792760,-0.474569,-0.382513
-0.828014,0.417693,0.374066
0.568888,0.269969,0.776842
-0.455970,-0.886869,0.074532
0.768288,0.518813,-0.374922
-0.381490,0.564801,-0.731755
-0.369582,-0.923972,0.098413
0.737612,-0.505293,0.447892
0.554437,-0.807247,-0.202366
-0.807870,0.457227,0.371873
0.284718,0.934058,-0.215571
0.119138,-0.193120,-0.973915
0.802061,0.249357,0.542697
0.307806,0.533938,-0.787506
0.829866,0.530391,0.173225
0.747259,0.535466,0.393547
0.991454,0.113988,-0.063442
0.778730,0.092557,-0.620494
0.550851,0.611419,0.568094
-0.688742,0.691251,-0.218647
0.602191,-0.398886,0.691561
0.748758,0.427259,-0.506766
0.818453,0.002460,-0.574568
-0.376249,0.916708,-0.134472
0.800344,-0.135377,0.584058
0.633968,0.480781,-0.605750
0.587808,-0.807580,-0.047926
0.140213,-0.817214,0.559018
-0.674170,0.255462,0.692989
-0.318206,0.855011,0.409512
0.666570,-0.733388,0.133515
-0.538316,0.288095,0.791970
0.077514,-0.748061,0.659087
0.741716,-0.651691,-0.158605
0.111357,-0.959357,-0.259293
-0.892889,-0.376435,-0.247076
0.495391,-0.506417,0.705783
0.414040,-0.520265,-0.746924
0.690707,0.495395,-0.526789
0.212266,-0.841195,0.497328
0.101075,0.773456,0.625739
-0.406974,-0.771679,0.488757
-0.702720,-0.040839,0.710293
-0.744106,-0.646796,0.167218
-0.003338,0.029033,-0.999573
-0.005485,0.582483,0.812824
0.207651,-0.687990,-0.695379
0.975060,0.086437,-0.204418
-0.094346,-0.305848,-0.947394
0.652692,-0.755565,-0.055812
-0.554662,0.171051,0.814304
0.823640,-0.519177,-0.228194
0.331386,-0.683175,0.650734
0.824675,-0.531883,0.192381
-0.789505,0.056778,0.611113
-0.065613,0.388167,0.919250
0.608136,-0.454201,0.651055
-0.786536,-0.297625,-0.541093
0.090291,0.730804,-0.676589
0.414800,-0.778097,-0.471706
0.966197,-0.199030,0.163860
0.891254,0.147702,-0.428777
-0.626794,-0.772267,0.103602
-0.476307,0.374275,0.795645
-0.508780,-0.430916,0.745288
-0.861214,0.256860,-0.438559
0.215641,0.976413,0.010835
-0.880211,-0.439023,0.180241
-0.848376,-0.191760,0.493442
-0.764608,0.625361,-0.155878
0.650314,-0.755586,-0.078624
0.881435,0.072476,0.466710
-0.569155,-0.244213,-0.785126
0.250215,0.305972,-0.918572
0.690398,0.387254,-0.611052
0.933185,0.008829,0.359287
0.396564,0.075693,-0.914881
-0.702122,-0.112218,-0.703159
-0.763442,-0.616391,-0.192920
0.498798,-0.418453,0.759011
0.685484,-0.697011,-0.210446
0.783125,-0.527552,0.329248
0.693000,0.497257,-0.522002
-0.408926,-0.035691,0.911870
0.428823,0.634430,0.643125
0.506987,-0.087243,-0.857527
-0.236832,0.971234,0.024784
0.609799,-0.664057,0.432635
0.398143,0.914120,-0.076594
-0.386196,-0.588008,0.710703
-0.346453,0.296389,0.890014
-0.546829,0.769824,0.329164
0.365721,-0.753220,0.546724
-0.938082,0.345158,0.029460
0.106923,-0.077635,0.991232
-0.910260,-0.236068,0.340144
-0.148629,-0.362518,0.920049
0.880748,0.426900,-0.205034
-0.094193,0.433749,0.896097
0.637935,-0.143090,0.756679
0.099657,-0.939874,0.326659
-0.863687,0.489291,0.120994
0.959294,0.245127,-0.140241
-0.981587,0.191015,-0.000820
-0.525043,0.193082,0.828885
-0.071798,-0.269789,0.960239
-0.180205,-0.715234,0.675253
-0.050210,0.965259,-0.256424
0.736098,0.582126,0.345381
-0.663872,-0.274386,-0.695691
0.566971,0.819959,-0.078813
-0.773431,-0.589783,0.232293
0.412032,-0.898413,0.151932
0.270273,0.958334,-0.092461
0.222589,-0.503239,0.834988
0.010220,-0.506935,-0.861923
0.565411,0.668811,0.482703
-0.283119,0.098068,0.954058
0.630459,0.557870,-0.539724
0.349349,0.683716,0.640693
0.674093,-0.581411,0.455587
0.610039,0.248153,0.752511
0.451790,0.449453,-0.770635
0.339818,0.940428,0.010881
0.314231,0.556219,0.769337
0.917820,-0.179430,-0.354136
0.186502,-0.453983,-0.871273
0.488530,0.336080,-0.805226
0.588769,0.613768,-0.525966
-0.673353,0.356559,0.647659
0.882561,0.391737,-0.260055
-0.255651,0.476762,0.841035
0.998048,-0.059846,0.017824
0.023543,-0.359815,0.932727
0.072994,0.569349,-0.818849
0.915264,0.225013,0.334157
0.247074,0.348196,-0.904275
0.433282,0.685654,-0.584931
0.226390,-0.007749,-0.974006
-0.065479,0.735368,-0.674497
0.276677,0.297776,-0.913663
0.592327,-0.395496,-0.701949
-0.448397,-0.411326,-0.793568
-0.499889,0.255510,0.827542
0.008701,0.959560,0.281370
-0.007188,-0.756984,0.653394
0.052476,-0.726284,0.685389
-0.633484,-0.670946,0.385394
0.416959,0.795181,0.440263
0.101783,-0.165384,0.980963
0.002421,-0.997958,-0.063825
-0.485932,0.092985,0.869036
-0.387530,-0.358027,0.849492
-0.907870,-0.377512,-0.182366
0.967769,0.234573,0.091647
0.943755,0.137720,0.300598
-0.515104,-0.531092,0.672763
0.103464,0.915742,0.388216
0.923676,0.100320,-0.369809
0.604000,-0.768631,0.210690
-0.307336,-0.112260,0.944956
0.377934,-0.494174,0.782917
-0.507928,0.774864,-0.376292
0.650990,-0.243749,-0.718887
-0.925810,0.124430,0.356920
0.384752,0.918182,-0.094379
0.830168,-0.500733,-0.245127
0.035672,0.753081,-0.656960
0.673671,-0.731447,0.105607
0.566874,-0.481459,0.668469
0.051864,-0.998069,0.034193
-0.773869,0.584924,-0.242880
0.453427,-0.222424,-0.863094
-0.786095,-0.604588,-0.128565
0.434191,0.350769,0.829722
0.553524,-0.587259,-0.590541
0.655518,-0.637147,-0.405388
-0.165660,-0.967721,0.189929
-0.686078,0.041318,0.726354
0.329725,-0.941544,0.069114
0.763665,-0.584712,0.273731
0.883645,0.466580,-0.038411
-0.418300,0.827627,0.374243
-0.574310,0.477714,0.664799
-0.176459,-0.982739,0.055547
-0.942104,-0.287617,-0.172387
-0.309569,0.040071,0.950032
0.827761,-0.548306,0.119047
-0.010238,-0.969111,0.246411
0.409901,0.743146,-0.528881
0.463511,0.560564,0.686240
-0.090893,0.945648,-0.312231
-0.822150,-0.260281,-0.506284
-0.571538,0.182471,-0.800030
-0.353882,0.869561,-0.344428
0.753707,-0.490633,-0.437270
0.248432,-0.959138,0.135408
0.246046,0.926475,-0.284790
-0.418542,0.365046,-0.831603
-0.753173,0.657377,-0.024217
-0.571562,0.764704,-0.297564
-0.026346,0.829958,-0.557203
0.951252,-0.246198,-0.185756
0.620790,0.782490,0.048273
-0.588229,-0.397754,0.704116
-0.131191,0.900668,0.414230
0.368000,0.553036,-0.747481
-0.395258,0.786814,-0.474020
0.907064,-0.394456,-0.147106
-0.582165,-0.745577,-0.324345
0.959862,0.278601,0.032342
-0.098942,0.094105,-0.990633
-0.181501,-0.899908,0.396514
-0.583617,0.786647,0.201440
0.439409,0.883757,0.160912
0.601599,-0.622094,-0.501077
0.382675,0.804121,0.454916
-0.301060,0.669894,0.678678
-0.368091,-0.230700,0.900715
0.479640,0.234636,0.845513
-0.104189,-0.926372,0.361910
0.466010,0.190225,-0.864089
0.508303,-0.848375,0.147948
0.197513,0.959768,-0.199586
-0.257927,-0.081658,0.962707
0.735472,0.492953,0.464842
0.485127,-0.874122,-0.023720
-0.053601,-0.860437,-0.506729
-0.020387,0.799545,-0.600261
0.378305,-0.885029,-0.271310
0.691861,-0.492741,0.527764
0.723704,-0.337599,0.601896
0.090580,0.894615,0.437561
0.925215,0.342058,-0.164236
0.077210,0.528440,0.845453
0.207769,0.427253,-0.879936
-0.861908,-0.448374,-0.236804
0.731075,-0.664144,-0.156344
0.913964,-0.026857,-0.404906
-0.296723,-0.907071,-0.298625
-0.854984,0.420480,-0.303644
-0.247648,0.143440,-0.958173
-0.172305,-0.888108,0.426117
-0.372641,0.920298,-0.119123
-0.055248,0.065146,-0.996345
0.622836,0.450473,0.639647
-0.265747,-0.913526,0.307976
-0.034407,-0.425556,0.904278
-0.814038,-0.571485,0.103662
-0.615594,-0.268279,0.740993
-0.120794,0.723079,0.680121
0.472614,0.798029,0.373880
-0.676314,0.370831,0.636462
0.205354,-0.836950,-0.507291
-0.560703,-0.766101,-0.314168
0.903692,0.072394,0.422018
-0.950212,-0.304925,0.064172
-0.072747,-0.979268,0.189058
-0.372135,0.054644,-0.926569
0.237268,0.100164,-0.966267
-0.758531,0.560089,-0.333062
0.505439,0.447779,0.737580
-0.785456,0.552418,0.279093
-0.848139,-0.522139,-0.089617
-0.498855,-0.494021,0.712100
0.835278,-0.000514,-0.549828
0.998444,0.054307,0.012675
-0.110271,-0.972338,0.205911
0.527004,0.711449,0.464873
-0.860094,-0.016676,-0.509862
0.631002,0.300358,-0.715277
0.856718,0.503424,0.112246
-0.698739,-0.153920,-0.698622
-0.989416,-0.144572,-0.012479
0.656645,0.720414,-0.223207
-0.059001,-0.995725,0.071072
0.965705,0.148757,0.212802
0.645856,0.705869,-0.290894
-0.860358,0.442087,-0.253660
-0.646394,0.549353,0.529515
-0.006925,-0.331405,0.943463
0.558885,-0.101764,-0.822977
0.288728,0.896590,-0.335802
-0.395298,-0.866072,0.306037
0.890609,-0.384881,0.242244
0.253542,0.967268,-0.010463
0.135739,-0.771506,0.621574
-0.441101,0.852410,0.280761
-0.084723,-0.737172,-0.670372
-0.910598,-0.127504,0.393132
0.112527,-0.698335,-0.706870
0.918711,-0.026342,0.394052
0.120453,-0.982754,0.140306
0.129128,-0.248345,0.960026
-0.288545,-0.943351,0.163803
-0.779995,-0.625516,0.018370
-0.807966,-0.571540,0.143291
0.202807,0.919251,-0.337412
-0.965765,-0.253501,0.055094
0.969721,0.205990,-0.131182
-0.816314,0.291177,-0.498847
0.267601,-0.945881,0.183573
0.021510,0.817085,0.576116
-0.751111,0.155693,0.641555
-0.022651,0.512214,-0.858559
0.622073,0.613884,-0.485975
-0.039685,-0.308097,-0.950527
0.201234,-0.879028,0.432221
-0.140943,-0.351576,0.925489
0.787977,-0.593495,-0.163876
-0.315144,-0.386397,0.866823
-0.624213,-0.777511,-0.076382
-0.388883,0.920859,-0.028092
0.199590,-0.682983,0.702636
0.203435,-0.973052,0.108555
-0.149147,0.854765,-0.497124
0.615746,-0.065248,0.785239
-0.749616,0.026517,-0.661342
-0.537492,-0.283564,0.794162
-0.596166,-0.303176,0.743418
0.688692,0.276717,0.670172
-0.412129,0.859990,0.300945
0.251075,-0.263117,0.931521
0.487106,-0.572212,0.659773
-0.702431,-0.153756,0.694946
-0.278860,0.935472,0.217093
-0.765940,0.634760,0.102056
-0.666578,-0.723357,0.180076
-0.553745,-0.717504,-0.422557
0.482998,-0.764880,0.426230
0.539579,-0.739590,-0.402320
-0.334913,0.843750,-0.419428
-0.295925,0.634180,0.714313
0.454494,-0.558050,-0.694273
-0.141316,-0.242514,-0.959800
0.266124,-0.472060,-0.840439
-0.069598,-0.956594,0.282991
-0.313077,0.615793,0.723036
-0.126476,-0.683617,0.718799
-0.303619,-0.681942,0.665410
-0.996550,-0.061890,0.055301
0.385092,0.526789,-0.757758
-0.619212,0.612282,-0.491617
-0.929838,-0.364043,0.053608
0.951675,-0.233125,-0.199918
-0.646401,0.428247,0.631482
0.660058,-0.743530,-0.107178
-0.451378,-0.679806,0.578032
-0.373608,0.889821,-0.261985
0.413378,0.889968,0.192548
-0.263029,-0.531175,-0.805400
0.394562,0.002699,-0.918865
-0.692467,-0.460921,-0.555014
-0.066439,-0.704514,-0.706573
-0.564695,0.765221,-0.309124
0.268994,0.166964,0.948559
-0.323551,0.473731,-0.819081
-0.877137,-0.183470,0.443812
-0.241465,-0.867560,-0.434780
-0.544794,-0.630532,0.552837
-0.500234,-0.720428,-0.480364
-0.425563,-0.338948,0.839054
0.359854,-0.865246,0.349077
-0.761607,-0.086354,0.642260
-0.182762,-0.466466,0.865452
-0.414151,-0.656126,-0.630854
-0.711783,0.701596,0.033570
-0.552926,-0.256354,-0.792815
-0.566997,-0.810702,-0.145862
-0.875467,-0.206722,0.436833
-0.896238,0.353672,-0.267717
-0.211052,0.972488,0.098610
-0.208579,0.627352,-0.750283
-0.100570,0.756978,0.645654
-0.935997,-0.349668,0.040521
-0.074801,-0.098454,-0.992326
-0.205007,-0.944298,0.257437
-0.542744,0.235892,-0.806092
-0.185042,-0.085883,-0.978971
-0.409263,0.894028,0.182258
-0.203639,-0.626708,0.752175
-0.318113,-0.747946,-0.582564
-0.197273,-0.972793,-0.121477
0.436201,0.779610,0.449374
0.720985,-0.297458,-0.625859
0.884577,0.453363,0.109477
-0.392184,-0.620141,0.679425
0.138862,-0.779220,0.611174
-0.572494,-0.063693,-0.817431
-0.057766,-0.659501,0.749481
-0.276327,-0.954241,0.114313
0.953115,0.092157,0.288234
0.920225,0.391100,0.015077
-0.444862,0.336004,-0.830180
-0.028356,-0.997260,0.068324
-0.178497,-0.649965,-0.738704
0.482126,0.849248,0.215250
0.571923,0.708467,0.413497
-0.281939,-0.910832,0.301487
-0.745611,0.664808,-0.045759
-0.607788,0.370708,0.702260
-0.098424,-0.496542,-0.862415
0.629216,0.195476,-0.752247
-0.320157,-0.872097,0.370062
0.577797,0.323941,-0.749142
-0.796756,0.150327,-0.585305
0.473049,-0.604107,0.641311
-0.142983,-0.836158,0.529524
-0.151351,0.987797,0.036750
-0.520650,0.508981,-0.685465
0.617114,-0.634089,-0.465941
-0.751960,-0.162505,-0.638865
-0.758157,-0.496550,0.422654
-0.489797,-0.765072,0.418048
-0.920732,-0.306886,-0.240985
0.095655,-0.850527,0.517160
0.905387,-0.401855,0.137070
-0.783628,-0.550614,-0.287666
0.331360,-0.304013,0.893183
-0.860320,-0.012621,0.509598
-0.601852,0.692720,0.397383
0.292111,0.253240,0.922247
-0.404475,-0.831668,0.380431
0.455381,0.827958,0.327281
0.418126,-0.805133,0.420632
-0.951816,-0.293729,-0.088148
-0.892613,-0.358545,-0.273290
0.761041,-0.251545,0.597948
0.834714,0.425101,0.350059
-0.723126,-0.328163,-0.607781
-0.905723,-0.281603,0.316806
-0.339709,0.553290,-0.760571
0.892714,0.115076,0.435682
0.543063,-0.171515,-0.821989
0.174279,0.943908,0.280472
0.458428,0.853298,-0.248447
0.198688,-0.866546,0.457844
-0.818674,-0.172976,0.547588
0.542534,0.770180,-0.335380
0.258499,-0.377857,0.889046
-0.492835,-0.383235,0.781182
0.423298,0.887296,-0.183096
-0.763789,0.615799,-0.193436
-0.553444,-0.228536,-0.800919
-0.699583,-0.704516,-0.119332
0.679973,0.058493,-0.730900
0.214163,0.551378,0.806298
0.820863,0.321318,-0.472164
-0.182960,0.142674,0.972713
0.679867,-0.714561,-0.164874
-0.848795,-0.528451,0.016903
-0.032384,0.097790,0.994680
0.837146,-0.168994,-0.520218
0.131943,0.536359,-0.833613
0.914651,-0.394078,0.090090
-0.223843,0.352814,0.908525
0.743415,-0.239947,-0.624307
0.703165,0.668933,0.241015
-0.372491,0.911970,-0.171935
0.464239,0.881945,-0.081575
0.206152,0.390975,0.897017
0.755671,0.406782,-0.513312
-0.293009,-0.554307,-0.779031
-0.020993,0.998229,-0.055655
0.801768,-0.580609,-0.141636
0.667529,0.741274,-0.070125
-0.818171,0.192329,-0.541855
0.140567,0.637863,0.757213
0.089856,-0.981723,0.167766
-0.400793,-0.672812,0.621843
-0.017991,0.703529,0.710439
-0.598736,0.712915,-0.365057
0.908918,-0.318069,0.269628
-0.721812,-0.635018,0.275208
-0.665329,-0.676244,0.316278
-0.225845,0.768456,-0.598723
-0.905959,-0.395560,-0.150897
0.993117,-0.110292,-0.039427
0.628845,0.764253,-0.143081
-0.008878,0.126014,-0.991989
0.970934,-0.170426,-0.168057
0.678863,-0.577043,0.454056
-0.151718,0.741242,-0.653867
-0.336620,-0.832470,-0.440091
0.113905,-0.402315,0.908388
-0.979293,0.095911,0.178287
0.095331,-0.696551,0.711146
-0.530598,0.770010,-0.354331
0.155255,-0.903823,-0.398747
-0.070455,0.473230,0.878117
-0.343072,-0.931065,-0.124173
0.478012,-0.830462,-0.286073
0.930615,-0.281516,0.233891
0.767088,0.556076,0.319929
0.444654,0.380137,0.811035
-0.035780,-0.955348,-0.293308
-0.729322,0.530316,-0.432267
-0.627040,-0.654217,-0.422872
0.403903,-0.172202,0.898448
0.717154,0.689723,0.099862
-0.601408,-0.766186,-0.226425
0.024281,0.143839,0.989303
-0.958464,-0.276952,0.068157
-0.064803,0.322986,0.944183
-0.684797,-0.623635,-0.377005
-0.147957,-0.976741,-0.155199
0.997565,0.063694,0.028420
0.964554,0.263312,-0.017370
0.899885,0.336477,-0.277472
-0.857221,-0.004949,-0.514926
-0.633601,0.772925,-0.033721
-0.109276,0.976450,-0.186024
0.019633,0.391269,0.920067
0.198425,0.831154,0.519434
-0.994763,0.102165,-0.002927
-0.886512,0.420696,0.192644
-0.885733,0.233779,0.401029
0.034740,-0.248077,-0.968117
-0.549162,0.644060,-0.532549
0.596801,-0.589401,0.544458
0.073239,-0.039674,0.996525
0.428218,-0.798838,-0.422478
0.059202,-0.539450,0.839934
0.251922,0.623637,0.740008
-0.478643,0.876570,0.050258
0.147493,-0.039815,0.988261
0.646194,-0.219905,0.730804
-0.113135,0.653400,-0.748511
-0.661431,-0.474893,0.580505
0.456815,-0.738067,-0.496565
0.884135,0.377875,-0.274802
0.892071,-0.144838,-0.428055
-0.920784,-0.166723,0.352648
0.251439,-0.719950,-0.646878
0.115443,-0.509115,0.852921
-0.075385,0.496213,0.864922
0.712019,-0.026907,-0.701644
-0.164897,0.784055,0.598386
-0.180252,-0.936918,0.299490
-0.943965,0.134465,-0.301413
0.555592,-0.723259,-0.410139
-0.490035,-0.740528,-0.459874
0.169509,-0.883889,-0.435899
-0.075964,-0.985201,0.153653
-0.803988,0.098906,-0.586363
-0.246589,-0.436061,-0.865474
0.287657,0.417563,0.861913
-0.790937,-0.278546,-0.544821
-0.536845,0.383718,0.751370
-0.334239,0.342579,-0.878023
0.517627,-0.806379,0.286035
0.280336,-0.361716,-0.889142
-0.765465,-0.636342,-0.095564
0.216979,0.955866,-0.198092
-0.379554,-0.894342,0.236836
-0.648179,0.748349,0.140847
0.842389,0.533547,0.075555
-0.139753,0.208960,0.967887
0.107452,-0.600320,-0.792508
-0.261077,0.884917,0.385696
-0.156214,-0.142911,0.977330
0.121182,-0.736237,-0.665785
-0.273909,-0.829394,0.486909
-0.580923,-0.134540,-0.802763
-0.484036,0.197812,0.852396
-0.522607,0.846099,0.104872
0.971522,0.229760,0.057926
0.566354,0.702268,0.431350
0.820707,-0.038242,-0.570068
-0.990804,0.129613,-0.038836
-0.796134,-0.106335,-0.595705
0.920719,-0.382920,0.075161
-0.017685,-0.191259,-0.981380
-0.005376,-0.679074,-0.734050
-0.821322,0.264824,-0.505271
-0.899492,-0.330247,0.286096
-0.309473,-0.949393,0.053657
0.680628,0.636440,-0.362890
0.454793,-0.119275,0.882574
-0.438194,0.101214,-0.893164
-0.441804,0.512082,-0.736601
-0.124576,-0.001014,-0.992210
0.437568,-0.383742,0.813189
0.085078,-0.544646,0.834340
-0.189226,0.190929,0.963193
0.329858,0.346600,0.878101
0.217903,-0.047662,0.974806
-0.299003,-0.934913,-0.191143
-0.918044,0.294350,0.265619
0.556563,0.810123,0.184221
-0.585420,0.539492,-0.605171
0.171772,-0.841321,-0.512517
-0.383323,0.844803,0.373325
0.095254,-0.634153,0.767317
-0.956823,-0.130582,0.259688
-0.376721,-0.864437,0.332910
0.143717,0.378099,0.914542
-0.824041,-0.482575,0.296779
0.110874,-0.961754,-0.250472
0.459816,0.885807,0.062567
0.802161,-0.004006,0.597095
0.965592,0.174467,0.192855
0.757354,0.192731,0.623915
0.899598,-0.332003,-0.283722
-0.328314,0.654397,-0.681157
0.360429,0.164530,-0.918162
-0.908252,0.119831,0.400898
-0.033172,-0.326294,-0.944686
-0.243486,-0.950859,-0.191265
-0.562096,0.469616,-0.680815
0.957132,0.205228,0.204402
-0.040940,0.606936,0.793696
0.715914,0.643808,0.270144
-0.832188,-0.137369,-0.537209
0.207621,-0.978115,-0.013559
-0.612902,-0.317611,0.723515
0.412365,0.532219,-0.739390
0.004721,0.184301,-0.982859
0.508478,-0.015839,-0.860929
-0.113400,-0.600447,-0.791583
0.498589,0.811756,0.304073
0.245261,0.124072,0.961485
-0.833713,-0.469861,-0.290093
-0.849268,-0.329154,-0.412796
-0.521967,-0.497734,0.692684
0.762916,0.530790,0.369081
0.551578,0.231014,0.801495
-0.277518,0.926166,0.255342
-0.405472,-0.570984,0.713841
0.737946,0.659962,0.141016
-0.650094,0.118466,-0.750563
0.951905,-0.240665,0.189621
-0.308449,0.868298,0.388482
0.090785,-0.042041,-0.994983
0.279546,0.881045,-0.381593
-0.590369,0.412960,0.693490
0.675499,0.484849,0.555537
-0.113654,0.847612,0.518302
0.299900,0.396310,0.867755
-0.450483,-0.837363,-0.309657
-0.222785,0.895049,0.386334
-0.138010,0.843167,0.519636
-0.234318,-0.356822,0.904308
0.558730,0.528974,0.638755
0.075109,0.693568,-0.716465
-0.242948,-0.770125,0.589817
-0.412367,-0.910880,0.015857
-0.873888,0.403736,0.270773
-0.365628,-0.226776,0.902712
-0.086320,0.834602,0.544049
-0.819035,-0.571880,0.046202
0.473195,0.741822,0.475171
0.291816,-0.150750,0.944520
-0.812131,-0.049004,0.581414
-0.366456,0.856048,0.364543
-0.969166,-0.073952,0.235049
0.424416,-0.861335,0.279236
-0.755665,0.306139,-0.579007
-0.265246,-0.905655,0.330806
0.213535,0.642172,0.736219
0.902274,-0.036293,-0.429633
-0.761778,-0.199754,0.616273
0.445169,0.235963,-0.863797
-0.527694,0.486206,0.696522
0.358089,0.027694,0.933277
0.106324,0.601565,0.791717
0.761502,0.631614,-0.145530
-0.501683,-0.864466,0.031817
0.206032,0.770303,-0.603477
0.647105,0.730619,-0.217832
-0.521786,0.049027,-0.851666
0.775826,0.553044,0.303706
-0.136284,0.561342,-0.816285
-0.672885,-0.676723,-0.298786
0.139877,-0.957506,-0.252224
-0.668536,0.146318,-0.729144
0.909935,0.363904,-0.198977
0.642535,-0.497961,0.582395
-0.526485,-0.442232,0.726115
0.553402,0.557127,0.619157
-0.715238,0.641630,-0.277028
0.050824,0.007332,-0.998681
-0.523648,-0.241362,-0.817030
0.645240,0.217256,-0.732438
-0.342848,-0.622538,-0.703493
0.214786,-0.829066,-0.516252
-0.367741,-0.916328,0.158458
0.793431,-0.608106,0.025960
0.924934,0.301558,0.231430
-0.044024,0.634799,0.771422
0.911373,0.073092,-0.405040
